"RANK","NAME","TEAM","POS","AGE","GP","MPG","USG%","TO%","FTA","FT%","2PA","2P%","3PA","3P%","eFG%","TS%","PPG","RPG","APG","SPG","BPG","TPG","P+R","P+A","P+R+A","VI","ORtg","DRtg"
"","Nikola Jokic","Den","C","29.7","4","39.1","29.3","12.7","27","0.778","62","0.581","20","0.55","0.64","0.671","31.5","12.3","9.3","1.3","1.3","3","43.8","40.8","53","15.7","134.9","108.8"
"","Tyrese Maxey","Phi","G","24","4","42","34.1","6.7","38","0.816","63","0.492","48","0.229","0.428","0.493","31.5","3.8","4.5","1.3","0.8","2","35.3","36","39.8","7.7","108.2","111.1"
"","Anthony Davis","Lal","F-C","31.6","5","35.9","31.6","10.2","59","0.763","89","0.573","8","0.25","0.557","0.622","30.6","12.2","3","1.6","2","2.2","42.8","33.6","45.8","11.6","124.7","111.9"
"","Jayson Tatum","Bos","F-G","26.7","5","35.4","31.1","7.9","35","0.743","44","0.636","61","0.377","0.595","0.627","30.2","7","5.2","2","0.6","1.8","37.2","35.4","42.4","11.7","129.9","104.6"
"","Anthony Edwards","Min","G","23.2","4","39.2","32.7","15.1","25","0.64","37","0.514","53","0.415","0.578","0.594","30","6.3","3.5","0.5","0.5","4","36.3","33.5","39.8","8.9","106.6","108.8"
"","Kevin Durant","Pho","F","36.1","4","40","28.9","14.7","32","0.813","53","0.566","22","0.455","0.6","0.651","29","7","3","1","1.8","3.3","36","32","39","8.5","114.4","107.2"
"","Paolo Banchero","Orl","F","22","5","36.4","31.4","10.2","59","0.644","65","0.569","32","0.344","0.552","0.59","29","8.8","5.6","0.6","0.8","2.2","37.8","34.6","43.4","12.4","122.1","105.4"
"","Giannis Antetokounmpo","Mil","F","29.9","4","34.7","34.1","19.3","49","0.551","68","0.647","3","0","0.62","0.621","28.8","11.8","6.3","0.3","0.5","4.3","40.5","35","46.8","14.9","114.8","107.1"
"","Jalen Green","Hou","G","22.7","4","34.5","31.4","8.3","24","0.833","42","0.452","46","0.413","0.54","0.583","28.8","3.8","2.8","0.8","0.3","2","32.5","31.5","35.3","7.8","120.7","110.7"
"","LaMelo Ball","Cha","G","23.2","4","33.9","34.3","21.8","25","0.92","34","0.5","48","0.396","0.555","0.613","28.5","6","7","1.3","0.5","5.8","34.5","35.5","41.5","12.5","117.1","109"
"","Trae Young","Atl","G","26.1","5","38.3","32","22.9","53","0.906","47","0.511","50","0.3","0.479","0.586","28.2","5.2","11.6","1.6","0.4","5.8","33.4","39.8","45","12.5","114.3","119"
"","Damian Lillard","Mil","G","34.3","4","35.4","29.9","16","39","0.923","29","0.69","39","0.308","0.559","0.658","28","6","6.3","0.5","0.3","3.3","34","34.3","40.3","11.5","127.3","116.1"
"","Cam Thomas","Bro","G","23","5","35.1","31.4","10.8","40","0.925","59","0.492","40","0.35","0.505","0.587","27.4","4.2","2.6","1.2","0","2.4","31.6","30","34.2","7.6","115","115.2"
"","Luka Doncic","Dal","F-G","25.7","4","37.3","34.5","10","30","0.8","58","0.431","41","0.268","0.419","0.477","26.8","9.3","7","1","0.8","2.8","36","33.8","43","12.9","105.5","103.7"
"","Norman Powell","Lac","G","31.4","4","34","26.7","6.3","15","0.867","39","0.59","35","0.429","0.615","0.645","26","3.3","1.5","0.5","0.5","1.3","29.3","27.5","30.8","5.9","125.5","108.2"
"","Shai Gilgeous-Alexander","Okc","G","26.3","4","32.3","33.1","5.3","21","0.905","56","0.518","33","0.273","0.478","0.529","26","7.5","6","2.5","1.5","1.3","33.5","32","39.5","13","115.2","90.2"
"","Jaylen Brown","Bos","G-F","28","5","35.9","33","9.7","37","0.784","72","0.444","39","0.308","0.45","0.507","25.8","7.4","3.6","1.6","0.4","2.4","33.2","29.4","36.8","9.8","107.4","107.5"
"","Cade Cunningham","Det","G","23.1","5","36.7","32.7","21.5","21","0.857","67","0.507","35","0.4","0.539","0.575","25.6","5.6","7.4","1","1.2","5.6","31.2","33","38.6","11.1","106.2","110"
"","RJ Barrett","Tor","F-G","24.4","2","31","32","11.3","12","0.583","27","0.481","12","0.5","0.564","0.576","25.5","4.5","5.5","1","0","2.5","30","31","35.5","11.1","116.5","112.4"
"","Dennis Schroder","Bro","G","31.1","5","35.4","24","15.7","23","0.87","37","0.541","38","0.553","0.687","0.723","24.6","2","8.2","0.8","0","2.8","26.6","32.8","34.8","8.3","136","115.1"
"","Domantas Sabonis","Sac","F-C","28.5","4","36.2","23","18.4","25","0.76","42","0.714","11","0.545","0.736","0.758","24.3","11","5.5","0.8","0.5","3","35.3","29.8","40.8","12.6","137.2","100.4"
"","Kyrie Irving","Dal","G","32.6","4","35.3","25.7","7.3","11","0.818","50","0.44","26","0.538","0.566","0.588","23.8","3.8","5.3","1.8","0.5","1.5","27.5","29","32.8","8.9","124.1","110.9"
"","Donovan Mitchell","Cle","G","28.1","5","30.2","32.3","14.2","18","0.722","48","0.604","42","0.381","0.589","0.608","23.8","2.6","5","2","0.2","3","26.4","28.8","31.4","9","114.1","104.5"
"","James Harden","Lac","G","35.2","4","36.3","34","24.7","35","0.857","39","0.436","37","0.27","0.421","0.514","23.5","7.5","11.3","1.3","0.3","6.3","31","34.8","42.3","13.9","103","100.4"
"","Julius Randle","Min","F-C","29.9","4","35","24.2","17.6","21","0.714","40","0.6","16","0.625","0.696","0.713","23.3","7.5","5","0.5","0","3","30.8","28.3","35.8","10.9","130.5","107"
"","DeMar DeRozan","Sac","G-F","35.2","4","36.9","23.1","9.3","31","0.839","51","0.588","7","0.286","0.569","0.642","23","4","4","2","0.3","1.5","27","27","31","7.8","128.7","110.6"
"","Zach LaVine","Chi","G","29.6","5","34.9","25","20.8","25","0.8","37","0.595","39","0.436","0.625","0.661","23","6.4","2.8","0.8","0.6","4","29.4","25.8","32.2","8.5","107.2","106.8"
"","Devin Booker","Pho","G","28","4","36","26.6","12.1","24","0.875","34","0.471","31","0.419","0.546","0.609","23","2.8","4.3","1","0.5","2.3","25.8","27.3","30","7.2","116.6","106.9"
"","Jalen Brunson","Nyk","G","28.2","4","32.1","32.6","8.5","22","0.818","57","0.456","18","0.389","0.487","0.537","22.8","2.8","5.8","0","0","1.8","25.5","28.5","31.3","8.9","116.6","120.6"
"","Karl-Anthony Towns","Nyk","C-F","29","4","31.8","24.2","8.6","21","0.952","42","0.548","11","0.727","0.66","0.723","22.5","11.3","2","0.5","0.5","1.3","33.8","24.5","35.8","10","144.5","105.9"
"","Jordan Poole","Was","G","25.4","4","30.4","26.2","17.7","14","1","25","0.32","35","0.571","0.633","0.68","22.5","1.5","6","3","0.3","3.3","24","28.5","30","7.7","123.7","112.2"
"","Chet Holmgren","Okc","C-F","22.5","4","31.4","26.4","17.1","23","0.696","40","0.7","18","0.333","0.638","0.661","22.5","11","2.8","1.5","3.5","3","33.5","25.3","36.3","11.3","118.6","85.6"
"","Brandon Ingram","Nor","F","27.2","5","32.4","27.2","12","11","0.909","59","0.559","29","0.414","0.58","0.603","22.4","6.4","4","0.8","0.4","2.4","28.8","26.4","32.8","10.3","116","110.2"
"","Tyler Herro","Mia","G","24.8","4","32.5","26.7","9.7","12","0.917","28","0.536","37","0.432","0.6","0.633","22.3","4.8","5.3","0.8","0.3","1.8","27","27.5","32.3","10.2","123.1","114.1"
"","De'Aaron Fox","Sac","G","26.9","4","36.1","27.4","16.8","16","0.938","45","0.556","24","0.292","0.514","0.565","21.5","4.5","7.5","1.5","0","3.5","26","29","33.5","10","110.2","104.1"
"","LeBron James","Lal","F","39.8","5","33.6","26.9","17.8","26","0.769","52","0.538","26","0.385","0.551","0.593","21.2","6.8","6.6","0.2","0.6","3.4","28","27.8","34.6","11.7","111.6","113.2"
"","Buddy Hield","Gol","G","31.9","5","24.1","28.9","6.1","6","1","29","0.483","48","0.5","0.649","0.665","21.2","3.6","2.6","1","0.4","1","24.8","23.8","27.4","9.7","131.6","98.8"
"","Jaden Ivey","Det","G","22.7","5","33.6","26.3","13","24","0.75","52","0.5","28","0.429","0.55","0.585","21.2","4.4","3.6","1.2","0","2.4","25.6","24.8","29.2","8.3","116.4","110"
"","Jaren Jackson Jr.","Mem","F-C","25.1","3","25.1","27.7","11.6","21","0.571","29","0.655","9","0.444","0.658","0.656","20.7","4.7","0.7","1.7","1","1.7","25.3","21.3","26","6.5","116","106.3"
"","Pascal Siakam","Ind","F","30.6","5","33.4","22.9","8.5","16","0.625","51","0.588","24","0.458","0.62","0.628","20.6","7.6","5.2","0.8","0.2","1.4","28.2","25.8","33.4","11.2","128.6","114.9"
"","Anfernee Simons","Por","G","25.4","5","33.9","27","15.8","26","0.923","43","0.465","42","0.31","0.465","0.534","20.6","1.6","5","0.8","0","3.2","22.2","25.6","27.2","6.5","106.4","116.9"
"","Tre Mann","Cha","G","23.7","4","28.5","27.9","12.1","12","1","37","0.459","28","0.429","0.538","0.583","20.5","3.8","3.3","1","0.5","2.3","24.3","23.8","27.5","8.9","122.5","114.5"
"","Nikola Vucevic","Chi","C","34","5","33.1","22.8","11.6","15","0.933","52","0.519","24","0.458","0.572","0.611","20.2","11","3.4","0.2","0.6","2","31.2","23.6","34.6","11","120.1","100.7"
"","Andrew Wiggins","Gol","F","29.7","3","25.2","24.6","6.9","5","0.8","21","0.524","19","0.579","0.688","0.699","19.7","6.7","2.3","0.3","1","1","26.3","22","28.7","10.7","137.5","94.3"
"","Scottie Barnes","Tor","F-G","23.2","4","33.6","26.7","20.2","23","0.739","52","0.519","11","0.182","0.476","0.527","19.3","7.8","6","2","0.5","4","27","25.3","33","11.5","105.1","113.9"
"","Derrick White","Bos","G","30.3","5","33.2","17.9","6.2","13","0.923","22","0.682","38","0.474","0.7","0.73","19.2","3.8","4","0.8","1","0.8","23","23.2","27","8","150.9","111.5"
"","Evan Mobley","Cle","C","23.4","5","29.1","25.5","14","18","0.889","59","0.576","8","0.5","0.597","0.641","19.2","8.2","2.2","1.2","2","2.2","27.4","21.4","29.6","9.7","119.4","96.6"
"","Kelly Oubre Jr.","Phi","F-G","28.9","4","34.6","25.4","10.6","19","0.737","45","0.489","22","0.273","0.463","0.504","19","4.8","1","1","0","2","23.8","20","24.8","5.2","102.3","107.8"
"","Ja Morant","Mem","G","25.2","4","26.4","33","22.9","30","0.833","39","0.538","18","0.167","0.447","0.541","19","3.8","8.3","0.3","0.3","4.3","22.8","27.3","31","12.8","106.4","113.2"
"","Coby White","Chi","G","24.7","5","33.7","23.1","13.6","17","0.765","29","0.586","47","0.34","0.539","0.569","19","4.4","4.4","1.4","0.2","2.4","23.4","23.4","27.8","8.5","107.1","105.4"
"","CJ McCollum","Nor","G","33.1","4","34.2","23.3","10.9","6","0.667","31","0.516","34","0.382","0.546","0.554","18.8","3.5","4","2.3","1","2","22.3","22.8","26.3","7.5","108.5","114.1"
"","Jamal Murray","Den","G","27.7","4","38","23","8.3","20","0.9","46","0.391","20","0.35","0.432","0.501","18.8","5","4.8","1.3","0","1.5","23.8","23.5","28.5","8.1","110.2","113"
"","Desmond Bane","Mem","G","26.4","5","26.5","26","11.1","12","0.917","40","0.55","32","0.406","0.576","0.608","18.8","5.4","2.8","1","0.6","1.8","24.2","21.6","27","9.9","115.7","109.2"
"","Gradey Dick","Tor","G-F","20.9","5","31","21.4","8.1","19","0.895","36","0.611","32","0.344","0.566","0.616","18.8","1.4","1.6","1","0.6","1.2","20.2","20.4","21.8","4.5","125.4","117.8"
"","Bilal Coulibaly","Was","G","20.3","4","34.1","18.3","18.4","18","0.833","25","0.72","19","0.421","0.682","0.722","18.8","5.8","2.8","1.5","0.3","2.5","24.5","21.5","27.3","7.9","128.6","116.1"
"","Jerami Grant","Por","F","30.6","5","33","25.6","12.5","18","0.778","42","0.405","42","0.357","0.47","0.506","18.6","4.8","1.8","1","1.8","2.4","23.4","20.4","25.2","6.6","99.4","110.1"
"","Terry Rozier","Mia","G","30.6","4","32.9","24.3","13.5","12","1","24","0.417","33","0.424","0.544","0.594","18.5","5","4.5","0.8","0.5","2.3","23.5","23","28","9.1","112.5","111.8"
"","Ivica Zubac","Lac","C","27.6","4","35.4","22.5","15.1","21","0.571","56","0.554","0","0","0.554","0.567","18.5","13.5","3.5","0.8","1","2.5","32","22","35.5","10.8","113","94.9"
"","Jeremy Sochan","San","F","21.4","4","32.2","25.8","14.2","18","0.722","55","0.527","5","0.2","0.508","0.545","18.5","9","3.3","0.8","0.3","2.5","27.5","21.8","30.8","10.2","110.5","103.3"
"","Stephen Curry","Gol","G","36.6","3","26.4","29.3","21","10","1","14","0.429","27","0.407","0.549","0.606","18.3","5.3","6.7","2","0.3","3.7","23.7","25","30.3","13.1","114.7","96.3"
"","Mikal Bridges","Nyk","G-F","28.2","4","37","19.8","8.2","7","0.571","31","0.677","25","0.36","0.616","0.618","18.3","2.5","4","1.3","0.8","1.3","20.8","22.3","24.8","6.1","128.1","117"
"","Zion Williamson","Nor","F","24.3","4","30.1","34.4","18.5","39","0.615","62","0.371","4","0.25","0.371","0.439","18.3","8.5","4.5","0.3","1.5","3.8","26.8","22.8","31.3","11.8","92.8","108"
"","Bradley Beal","Pho","G","31.3","3","36.4","19.9","11","7","0.857","21","0.571","19","0.421","0.6","0.627","18","2.3","4.7","1.7","1","1.7","20.3","22.7","25","6.4","118.3","106.4"
"","Lauri Markkanen","Uta","F-C","27.4","4","28.5","25","11.8","27","0.852","32","0.344","20","0.45","0.471","0.564","18","7.3","1.8","0.3","0","1.8","25.3","19.8","27","8.7","115.1","116.2"
"","De'Andre Hunter","Atl","F-G","26.9","2","29.5","20.7","0","13","0.923","14","0.429","10","0.4","0.5","0.606","18","6.5","2","1","0.5","0","24.5","20","26.5","8.4","136.1","106.1"
"","Jarrett Allen","Cle","C","26.5","5","28.9","17.5","8.4","26","0.808","43","0.791","0","0","0.791","0.817","17.8","11","1.2","0.8","1.8","0.8","28.8","19","30","8.5","161.1","103.9"
"","Darius Garland","Cle","G","24.8","5","26.9","26.8","17.2","6","1","34","0.559","33","0.455","0.619","0.639","17.8","1.6","6","1.4","0.4","2.8","19.4","23.8","25.4","8.3","118.2","101.4"
"","Franz Wagner","Orl","F","23.2","5","26","25.9","12.3","13","0.923","36","0.611","28","0.393","0.602","0.638","17.8","4.2","3.4","1.4","0.4","1.8","22","21.2","25.4","9.7","121.5","103.9"
"","Kyle Kuzma","Was","F","29.3","3","30.8","28.8","11.8","16","0.75","34","0.353","18","0.278","0.375","0.432","17","7","3.7","0.3","0.3","2.3","24","20.7","27.7","9.9","93.9","120.7"
"","Jalen Williams","Okc","G-F","23.5","4","31.4","27.1","10.5","14","0.571","50","0.48","18","0.222","0.441","0.458","17","7","6","1.5","0.8","2","24","23","30","11.4","99.5","88.1"
"","Jimmy Butler","Mia","F","35.1","4","33.5","21.4","12.2","34","0.706","35","0.571","8","0.125","0.5","0.578","16.8","5","6","2.3","0.5","1.5","21.8","22.8","27.8","9.5","128.1","113.2"
"","Jalen Johnson","Atl","F","22.9","5","37.3","23.2","19.3","29","0.621","57","0.474","18","0.222","0.44","0.479","16.8","11","4","1.8","1","3.6","27.8","20.8","31.8","9.7","94.9","110.5"
"","Austin Reaves","Lal","G","26.4","5","34.4","19.6","20.2","12","0.75","30","0.6","29","0.448","0.636","0.653","16.8","6","4.8","1.2","0.4","3","22.8","21.6","27.6","9.1","116.5","110.3"
"","Jalen Suggs","Orl","G","23.4","5","27","24.8","16.6","14","0.929","20","0.5","40","0.425","0.592","0.635","16.8","5","4","2.2","0.8","2.4","21.8","20.8","25.8","10.3","115.5","101"
"","Klay Thompson","Dal","G","34.7","4","29.3","19.4","3.7","3","1","11","0.545","40","0.425","0.618","0.631","16.5","3.5","1.3","1.3","0","0.5","20","17.8","21.3","5.8","129.1","113.2"
"","Victor Wembanyama","San","F-C","20.8","4","30.3","27.4","21.6","20","0.9","33","0.545","21","0.19","0.444","0.525","16.5","11","2.3","0","2.8","3.8","27.5","18.8","29.8","9.9","98.4","106"
"","Payton Pritchard","Bos","G","26.8","5","27.7","19.5","6.5","6","1","8","0.375","49","0.469","0.658","0.679","16.2","3.2","2.6","0.8","0","0.8","19.4","18.8","22","7.4","138.9","111.8"
"","Jordan Hawkins","Nor","G","22.5","5","31.1","20.5","11.5","15","0.933","29","0.483","32","0.406","0.549","0.599","16.2","5","1.2","0.2","0.2","1.6","21.2","17.4","22.4","5.9","113.6","114.7"
"","Bennedict Mathurin","Ind","G-F","22.4","5","25.8","22.4","18.1","28","0.786","27","0.667","18","0.389","0.633","0.689","15.8","4.6","1.6","0.2","0","2","20.4","17.4","22","7.6","122","113.5"
"","Rui Hachimura","Lal","F","26.7","5","34.2","18.2","5.9","15","0.8","49","0.429","14","0.571","0.524","0.56","15.6","7.2","2","0.8","0.4","0.8","22.8","17.6","24.8","7.1","121.3","113.5"
"","Scoot Henderson","Por","G","20.7","5","27.8","25.2","21.2","25","0.84","42","0.5","17","0.294","0.483","0.557","15.6","3.4","5.6","0.8","0","3.2","19","21.2","24.6","9.6","108.3","105"
"","Jordan Clarkson","Uta","G","32.4","4","25.3","27.3","13","18","0.722","31","0.548","22","0.227","0.462","0.509","15.5","4","4","0","0.3","2","19.5","19.5","23.5","9.9","105","115"
"","Aaron Gordon","Den","F","29.1","4","36","17.5","16.2","21","0.857","31","0.516","10","0.4","0.537","0.617","15.5","7.5","3.5","1","0.5","2","23","19","26.5","8.2","124.8","112.8"
"","Josh Giddey","Chi","G","22.1","5","28.1","22.1","16.4","21","0.619","39","0.436","17","0.588","0.571","0.59","15.4","8.4","5.8","0.4","0.2","2.2","23.8","21.2","29.6","12.9","117.8","105.6"
"","Myles Turner","Ind","C-F","28.6","4","30.6","22.9","22.7","19","0.632","25","0.6","19","0.316","0.545","0.573","15","6.3","1.8","1","2","3.3","21.3","16.8","23","7.2","94.8","103.1"
"","Miles Bridges","Cha","F","26.6","4","30.4","22.1","13","14","0.857","29","0.517","24","0.25","0.453","0.507","15","6.5","1.5","0.3","1","2","21.5","16.5","23","6.9","106","118.4"
"","Fred VanVleet","Hou","G","30.7","4","37","17.1","7","12","0.75","15","0.267","38","0.368","0.472","0.506","14.8","3","6.3","2","0","1","17.8","21","24","7.1","121.8","106.8"
"","John Collins","Uta","F-C","27.1","4","21.1","31.1","14.9","12","1","35","0.457","16","0.313","0.461","0.524","14.8","6.3","1.8","1","1","2.3","21","16.5","22.8","10.5","102.6","98.6"
"","Alperen Sengun","Hou","C","22.3","4","28.5","26.1","13.6","16","0.688","49","0.367","8","0.5","0.421","0.461","14.8","12.5","3.5","2","0.5","2.3","27.3","18.3","30.8","12.1","104.5","90.5"
"","Cameron Johnson","Bro","F","28.7","5","34.2","17","4.7","11","0.818","17","0.471","43","0.372","0.533","0.563","14.6","4.2","2.8","0.8","0.6","0.6","18.8","17.4","21.6","6.5","119.1","113.8"
"","Tyrese Haliburton","Ind","G","24.7","5","34.6","22.9","10.3","12","0.667","34","0.471","44","0.25","0.417","0.438","14.6","5","6.6","1.4","0.6","1.8","19.6","21.2","26.2","9.1","100.5","114.7"
"","Josh Hart","Nyk","G","29.7","4","35.3","17.5","19","16","0.813","20","0.75","18","0.278","0.592","0.644","14.5","10.3","3.5","1.3","0","2.3","24.8","18","28.3","9.1","125.3","115.2"
"","Deandre Ayton","Por","C","26.3","5","32.5","18.6","8.2","3","0.667","61","0.525","6","0.333","0.522","0.527","14.4","12.2","1.2","0.6","0.8","1.2","26.6","15.6","27.8","7.3","110","105.5"
"","Jonas Valanciunas","Was","C","32.5","4","22.1","23.6","21.1","11","0.909","35","0.629","2","0.5","0.635","0.681","14.3","7.5","3","0.3","0","2.5","21.8","17.3","24.8","12.4","121.9","117.5"
"","Keegan Murray","Sac","F","24.2","4","37.1","16.8","5.5","6","1","24","0.5","27","0.333","0.5","0.531","14.3","7","1.5","0.8","0.5","0.8","21.3","15.8","22.8","5.7","112.2","106.1"
"","Dejounte Murray","Nor","G","28.1","1","30","26.8","6.1","7","0.857","12","0.333","3","0","0.267","0.387","14","8","10","1","0","1","22","24","32","13.8","105.2","114.5"
"","Christian Braun","Den","G","23.5","4","35.5","15","11.3","12","0.833","28","0.607","11","0.364","0.59","0.632","14","5.3","1.8","1","1.8","1.3","19.3","15.8","21","5.8","122.8","110.5"
"","Jakob Poeltl","Tor","C","29","5","31.8","17.9","20.5","17","0.765","50","0.56","0","0","0.56","0.6","13.8","12.6","2.4","0.6","1.2","2.6","26.4","16.2","28.8","9.4","112.9","110.2"
"","Collin Sexton","Uta","G","25.8","4","22.8","26.9","24.8","21","0.81","29","0.552","10","0.2","0.487","0.57","13.8","2.5","1.8","0.5","0.3","3.3","16.3","15.5","18","6.9","96.7","114"
"","Naz Reid","Min","C-F","25.2","4","24.9","20.5","19.3","13","1","15","0.6","18","0.444","0.636","0.71","13.8","7.5","1.8","0.3","0.3","2","21.3","15.5","23","9.2","123.1","104.1"
"","Tim Hardaway Jr.","Det","G-F","32.6","5","30.6","14.2","6.8","15","0.933","11","0.273","30","0.533","0.659","0.714","13.6","1.2","1.6","0.2","0","0.6","14.8","15.2","16.4","3.9","144.2","116.2"
"","Nick Richards","Cha","C","26.9","4","30.4","15.4","15.7","20","0.6","31","0.677","1","0","0.656","0.662","13.5","11.8","2","0.5","2.5","1.5","25.3","15.5","27.3","9","133.2","110"
"","Miles McBride","Nyk","G","24.1","4","25.2","19.2","14.9","5","0.8","16","0.625","18","0.556","0.735","0.746","13.5","2","2.5","0.5","0.3","1.5","15.5","16","18","6.5","133.6","116.8"
"","Michael Porter Jr.","Den","F","26.3","4","37.6","16.7","5.3","5","0.6","26","0.5","27","0.296","0.472","0.48","13.3","7.8","2.3","1","0.3","0.8","21","15.5","23.3","6.6","105.5","110.9"
"","Corey Kispert","Was","F","25.7","4","30.4","16.1","6.3","4","0.75","15","0.667","29","0.345","0.568","0.579","13.3","2.8","2","0.3","0","0.8","16","15.3","18","5.5","115.2","118.7"
"","Immanuel Quickley","Tor","G","25.4","1","14.2","36.2","17.7","4","0.75","5","0.4","4","0.5","0.556","0.604","13","2","4","1","0","2","15","17","19","13.2","119","108.1"
"","Onyeka Okongwu","Atl","F-C","23.9","4","25.6","16.2","5.8","15","0.867","24","0.667","8","0.25","0.594","0.661","12.8","5.5","1.8","0.5","0.8","0.5","18.3","14.5","20","7.8","139.6","117.1"
"","Santi Aldama","Mem","F-C","23.8","5","27.7","16.6","14.2","4","1","24","0.625","24","0.417","0.625","0.643","12.8","6.6","3.4","0.4","0.8","1.6","19.4","16.2","22.8","9.5","120.8","117"
"","Dyson Daniels","Atl","G","21.6","4","32.4","15.3","6.6","8","0.375","25","0.6","17","0.353","0.571","0.56","12.8","4.3","2.3","2.8","1","0.8","17","15","19.3","6.2","115.1","112.1"
"","Keyonte George","Uta","G","21","4","31.9","25.5","17.5","16","0.75","30","0.3","31","0.226","0.32","0.375","12.8","3.3","6.5","0.8","0","3.3","16","19.3","22.5","8.1","84.6","119.2"
"","Malik Monk","Sac","G","26.7","4","24.7","20.6","4.7","10","0.8","18","0.5","22","0.364","0.525","0.563","12.5","3","3","0.5","0.5","0.5","15.5","15.5","18.5","7.8","117.4","106.9"
"","Jrue Holiday","Bos","G","34.4","5","29.3","15.5","18.6","12","0.833","19","0.474","20","0.55","0.654","0.689","12.2","3.2","3.2","0.2","0.2","1.8","15.4","15.4","18.6","6.8","128.4","111.2"
"","Harrison Barnes","San","F","32.4","4","28.9","13.7","8.7","7","0.857","19","0.632","12","0.5","0.677","0.704","12","3.5","1","0.5","0.3","0.8","15.5","13","16.5","4.8","137","115.7"
"","Derrick Jones Jr.","Lac","F","27.7","4","31","14.6","16.6","2","0.5","22","0.591","13","0.538","0.671","0.669","12","4.3","1","1.5","0.5","1.8","16.3","13","17.3","4.8","115.1","103"
"","Kevin Huerter","Sac","G-F","26.2","4","26.5","14.5","2.9","0","0","10","0.9","24","0.417","0.706","0.706","12","3","1.3","1","1","0.3","15","13.3","16.3","5.4","134.6","104.8"
"","Luguentz Dort","Okc","G","25.5","4","26.8","12.1","3.4","5","1","9","0.556","19","0.579","0.768","0.795","12","3","0.8","0.8","0.8","0.3","15","12.8","15.8","4.6","156.2","94.3"
"","David Roddy","Atl","F","23.6","3","23.6","16.1","17.1","11","0.818","12","0.75","7","0.429","0.711","0.755","12","5","2","1","0.3","1.3","17","14","19","8.4","134.8","116"
"","Caris LeVert","Cle","G","30.2","5","21.5","15.8","8.5","10","0.6","18","0.722","14","0.643","0.828","0.81","11.8","1.6","3.8","1.2","0.6","0.6","13.4","15.6","17.2","7.7","159","108"
"","Caleb Martin","Phi","F","29.1","4","35.2","19.4","23.5","22","0.682","32","0.406","10","0.2","0.381","0.455","11.8","7.8","2.3","0.3","0.5","3.3","19.5","14","21.8","6.8","91.3","106.4"
"","Ochai Agbaji","Tor","G","24.5","5","27.9","14.8","14.8","10","0.7","26","0.654","14","0.429","0.65","0.664","11.8","5.2","1.4","1.2","0.8","1.4","17","13.2","18.4","6.3","123.3","116.5"
"","Tobias Harris","Det","F","32.3","5","34.8","18.3","11.4","9","1","42","0.476","20","0.15","0.395","0.44","11.6","8.4","2","0.6","1","1.6","20","13.6","22","6.7","94.1","105.9"
"","Malik Beasley","Det","G","27.9","5","24.3","22.9","8","6","0.667","20","0.3","37","0.378","0.474","0.486","11.6","2.6","1.2","0.2","0.2","1","14.2","12.8","15.4","5.4","100.4","116.7"
"","Ziaire Williams","Bro","F","23.1","5","19.8","21.2","15.1","7","0.714","23","0.565","16","0.563","0.679","0.689","11.6","3.6","1.8","1.2","0.6","1.4","15.2","13.4","17","8.5","124","103.3"
"","Cody Martin","Cha","F","29.1","4","24.8","14.8","6","8","0.75","12","0.667","19","0.421","0.645","0.666","11.5","5","1.5","0.5","0.5","0.5","16.5","13","18","7.1","144.8","110.6"
"","Jalen Smith","Chi","F-C","24.6","4","13.7","25.1","3.7","15","0.667","12","0.5","14","0.571","0.692","0.706","11.5","5.8","0.5","0.5","0","0.3","17.3","12","17.8","9.4","141.3","89.6"
"","Jabari Smith Jr.","Hou","F","21.5","4","32.3","15.7","13.5","13","0.846","22","0.455","16","0.313","0.461","0.526","11.5","9","1.8","0.3","0.8","1.5","20.5","13.3","22.3","7.1","113","98.2"
"","Ty Jerome","Cle","G-F","27.3","5","14.6","24.9","13.7","14","0.857","22","0.682","9","0.556","0.726","0.767","11.4","1.6","3.4","1.4","0","1","13","14.8","16.4","10.8","148.7","105.5"
"","Obi Toppin","Ind","F","26.7","5","21.3","19.2","11.8","13","0.846","21","0.667","16","0.375","0.622","0.667","11.4","3","2","0.8","0.4","1","14.4","13.4","16.4","7.7","129.4","116.5"
"","Jonathan Kuminga","Gol","F","22.1","5","22.9","23.7","14","21","0.714","36","0.5","13","0.154","0.429","0.489","11.4","3.4","1.6","1.2","0.6","1.6","14.8","13","16.4","6.9","101.3","98.7"
"","Brook Lopez","Mil","C","36.6","4","31.5","18.8","13.6","9","0.889","23","0.478","21","0.238","0.42","0.469","11.3","5.5","1.8","1","3.3","1.8","16.8","13","18.5","6.1","94.4","110.1"
"","Bobby Portis","Mil","F","29.7","4","25","21.1","18.6","2","1","30","0.567","9","0.333","0.551","0.564","11.3","7.8","1.5","0.8","0.8","2.3","19","12.8","20.5","8.2","100.3","111.2"
"","P.J. Washington","Dal","F","26.2","4","31.8","16.4","8.1","2","0.5","23","0.565","22","0.273","0.489","0.49","11.3","7.5","1.8","1.8","0.8","1","18.8","13","20.5","6.7","106.9","104.1"
"","O.G. Anunoby","Nyk","F-G","27.3","4","35.5","15.1","13.5","7","0.714","20","0.6","18","0.278","0.513","0.536","11","3.5","1.5","1.5","0.3","1.5","14.5","12.5","16","4.4","102","113.5"
"","Bam Adebayo","Mia","C-F","27.3","4","31.5","17.9","7.3","21","0.667","30","0.5","8","0","0.395","0.466","11","7.3","3","1.3","1","0.8","18.3","14","21.3","7.9","110.7","112.2"
"","Moritz Wagner","Orl","F-C","27.5","5","15.1","27.2","18.9","14","0.857","22","0.636","12","0.417","0.632","0.685","11","4.4","0.8","0.2","0.4","1.6","15.4","11.8","16.2","9","116.6","90.6"
"","Moses Moody","Gol","G","22.4","5","18.6","22.4","16.3","4","0.5","14","0.5","27","0.481","0.646","0.643","11","2.2","1.4","0.4","0.2","1.6","13.2","12.4","14.6","7","110.2","98.2"
"","Malaki Branham","San","F","21.5","4","14.1","27.5","16.9","3","1","17","0.588","12","0.583","0.707","0.726","11","2","0.8","0.3","0.5","1.5","13","11.8","13.8","7.4","115.2","112.2"
"","D'Angelo Russell","Lal","G","28.7","5","30.7","16.8","12.4","11","1","21","0.524","28","0.25","0.439","0.501","10.8","2.2","5.6","1","0.2","1.4","13","16.4","18.6","6.7","112.1","113"
"","Dillon Brooks","Hou","G-F","28.8","4","33.7","13.1","2.5","8","1","19","0.368","20","0.35","0.449","0.506","10.8","4","0.3","0.8","0.3","0.3","14.8","11","15","2.8","117.3","104.8"
"","Jay Huff","Mem","C","27.2","5","17","16","6.2","5","1","12","0.75","18","0.556","0.8","0.823","10.6","2.4","0.6","0.4","1.4","0.4","13","11.2","13.6","5.8","149.6","113.6"
"","Garrison Mathews","Atl","G","28","4","21.8","15.5","9.9","7","0.857","3","0","24","0.5","0.667","0.698","10.5","1","1.5","1","0","0.8","11.5","12","13","4.6","130.7","110.9"
"","Carlton Carrington","Was","G","19.3","4","26.3","15.2","20.3","13","0.923","15","0.4","12","0.5","0.556","0.642","10.5","3.5","3.5","0.3","0.5","1.8","14","14","17.5","7.7","119.9","110.9"
"","Grant Williams","Cha","F","25.9","4","24.1","15.6","21","10","0.8","7","0.429","19","0.474","0.635","0.674","10.3","3","3.3","1.3","0.3","1.8","13.3","13.5","16.5","7.8","131.1","111.6"
"","Nikola Jovic","Mia","F","21.4","4","23.6","19.1","10.5","5","0.4","14","0.643","20","0.35","0.574","0.566","10.3","4.8","2.3","0.8","0.3","1","15","12.5","17.3","8.2","111.1","105.9"
"","Brandin Podziemski","Gol","G","21.7","5","29.2","19.7","13","2","0.5","31","0.516","29","0.207","0.417","0.419","10.2","5.6","4.2","0.8","0.6","1.8","15.8","14.4","20","8.5","98.4","98.9"
"","Tyus Jones","Pho","G","28.5","4","32.2","12.9","8.2","2","1","17","0.588","16","0.375","0.576","0.59","10","3.8","6","1.8","0.5","0.8","13.8","16","19.8","7.6","130.4","113"
"","Dorian Finney-Smith","Bro","F","31.5","5","29.1","17","11.3","11","0.545","16","0.625","31","0.258","0.468","0.482","10","5.4","2.2","1.4","0.6","1.2","15.4","12.2","17.6","6.8","103.4","108.1"
"","Gary Trent Jr.","Mil","G","25.8","4","33.5","11.9","6.2","11","0.909","8","0.375","22","0.364","0.5","0.574","10","1.5","1.3","1","0","0.5","11.5","11.3","12.8","3.2","116.5","111.8"
"","Deni Avdija","Por","F","23.8","5","28.5","19.1","19.2","22","0.909","28","0.429","18","0.111","0.326","0.449","10","6.6","2.8","1.4","1.2","2.2","16.6","12.8","19.4","8","94.8","107.2"
"","Russell Westbrook","Den","G","36","4","19.8","27.8","11.8","20","0.8","25","0.28","12","0.25","0.311","0.426","9.8","2.8","3.8","1.3","0.8","1.3","12.5","13.5","16.3","9.5","99.4","103.5"
"","Andre Drummond","Phi","C","31.2","4","28.1","17","20.9","17","0.529","28","0.536","2","0","0.5","0.52","9.8","12.5","0.3","1.8","0.8","2","22.3","10","22.5","4.7","104.3","93.7"
"","Daniel Gafford","Dal","F-C","26.1","4","19.5","17.7","6.8","9","0.778","27","0.593","0","0","0.593","0.63","9.8","6.3","1.8","0.5","1.3","0.5","16","11.5","17.8","9.9","139.9","99"
"","Scotty Pippen Jr.","Mem","G","24","5","23.9","18.3","23.4","9","0.667","27","0.519","12","0.417","0.551","0.57","9.8","3","7.4","1.4","0.6","2.4","12.8","17.2","20.2","10.1","114.8","106.8"
"","Jaime Jaquez Jr.","Mia","G","23.7","4","25.2","20.8","19.4","13","0.538","24","0.292","9","0.667","0.485","0.504","9.8","7","2.8","1","0","2","16.8","12.5","19.5","9.2","101.7","103.9"
"","Dereck Lively II","Dal","C","20.7","4","25.6","12.6","14.7","9","0.556","23","0.739","0","0","0.739","0.723","9.8","8.8","3","1.3","1","1","18.5","12.8","21.5","10","146.3","98.3"
"","Trayce Jackson-Davis","Gol","F","24.7","5","18.9","14.8","9.9","9","0.667","27","0.778","0","0","0.778","0.775","9.6","5","2.4","0.2","0.6","0.6","14.6","12","17","10.3","152.1","98.8"
"","Rudy Gobert","Min","C","32.3","4","35","11.4","23.1","15","0.667","23","0.609","0","0","0.609","0.642","9.5","11.3","1.3","0.8","1.3","1.8","20.8","10.8","22","5.9","119.1","102.2"
"","Seth Curry","Cha","G","34.2","4","27.4","12.9","9","5","0.6","12","0.333","18","0.5","0.583","0.59","9.5","3.3","1.5","0.8","0.3","0.8","12.8","11","14.3","5.3","129","118.3"
"","Donte DiVincenzo","Min","G","27.7","4","27","20.5","12.4","6","0.667","12","0.417","30","0.267","0.405","0.426","9.5","2","3.3","1.3","0","1.5","11.5","12.8","14.8","5.9","93.5","110.4"
"","Nickeil Alexander-Walker","Min","G","26.2","4","21.8","13.4","15.9","4","0.5","6","0.5","15","0.667","0.857","0.835","9.5","2.3","2.3","0.3","0","1","11.8","11.8","14","6.8","144.1","114.1"
"","Keldon Johnson","San","F-G","25.1","4","27.4","19.5","10.6","7","0.714","26","0.462","16","0.188","0.393","0.421","9.5","6","1","0.8","0","1.3","15.5","10.5","16.5","5.6","88.7","109"
"","Julian Champagnie","San","F","23.3","4","25.2","17.3","19.8","2","1","10","0.6","22","0.364","0.563","0.578","9.5","5.3","1","0.8","0.8","2","14.8","10.5","15.8","5.9","101.1","110.8"
"","Nic Claxton","Bro","C","25.5","4","21","14.1","7.9","6","0.5","23","0.739","0","0","0.739","0.722","9.3","8.3","1.5","0.5","1.8","0.5","17.5","10.8","19","9.3","146.5","98.8"
"","Al Horford","Bos","C-F","38.4","5","24.9","11.3","9.1","0","0","10","0.5","20","0.6","0.767","0.767","9.2","4.4","1.8","1","0.6","0.6","13.6","11","15.4","6.7","148.2","111.3"
"","Clint Capela","Atl","C","30.5","5","22.3","14.6","19.8","11","0.727","28","0.679","0","0","0.679","0.7","9.2","6.6","1.2","0.8","1","1.4","15.8","10.4","17","7.5","123","111.4"
"","Zaccharie Risacher","Atl","F","19.6","5","25","19.4","11.1","12","0.583","27","0.444","21","0.238","0.406","0.432","9.2","3.2","1.2","0.8","1.2","1.2","12.4","10.4","13.6","5.3","91.2","115"
"","Chris Paul","San","G","39.5","4","27.5","15.8","27.9","4","1","11","0.364","17","0.471","0.571","0.605","9","3.3","7.3","1","0.3","2.8","12.3","16.3","19.5","8.7","114.8","106.2"
"","Kyle Lowry","Phi","G","38.6","4","22.6","12.1","13.4","9","0.778","4","0.25","15","0.6","0.763","0.784","9","2.3","3","1.5","0.3","0.8","11.3","12","14.3","7","152.2","104.5"
"","Aaron Wiggins","Okc","G","25.8","4","17.8","19.7","15","2","1","19","0.737","9","0.222","0.607","0.623","9","3.3","1.5","0.5","0.5","1.3","12.3","10.5","13.8","8","110.8","89"
"","Jusuf Nurkic","Pho","C","30.2","4","21.6","27.4","36.1","19","0.632","17","0.588","11","0.091","0.411","0.481","8.8","8.5","1.8","0.5","1","4","17.3","10.5","19","9.5","78.6","93.6"
"","Wendell Carter Jr.","Orl","C-F","25.5","5","29.8","12.3","8.3","16","0.75","19","0.684","14","0.143","0.485","0.549","8.8","10.4","2.2","1.2","0.4","0.6","19.2","11","21.4","7.9","125.6","99.6"
"","Zach Edey","Mem","C","22.5","5","16.5","19.5","5.5","10","0.3","31","0.613","3","0.333","0.603","0.573","8.8","4.4","0.4","0.4","0.2","0.4","13.2","9.2","13.6","6","117.1","100.9"
"","Chris Boucher","Tor","F","31.8","5","17.1","21.8","7.3","12","0.667","19","0.526","19","0.263","0.461","0.497","8.6","4.2","0.6","0.6","1.4","0.6","12.8","9.2","13.4","6.5","107.2","116"
"","Aaron Nesmith","Ind","G-F","25","5","25.2","13.8","11.3","13","0.846","22","0.455","9","0.444","0.516","0.586","8.6","4.6","1","0.8","0.4","0.8","13.2","9.6","14.2","5.4","116.4","99.9"
"","Davion Mitchell","Tor","G","26.2","5","27.3","17","25.3","6","0.667","22","0.545","19","0.263","0.476","0.493","8.6","1.8","6.2","0.6","0.4","2.8","10.4","14.8","16.6","6.7","99.5","116.9"
"","Jalen Duren","Det","C","21","5","25.5","11.5","24.8","14","0.5","21","0.857","0","0","0.857","0.792","8.6","9.2","2.8","0.2","1.2","1.4","17.8","11.4","20.6","9.5","141.7","101.9"
"","Larry Nance Jr.","Atl","F-C","31.8","2","15","15","9.1","0","0","5","0.8","5","0.6","0.85","0.85","8.5","1.5","2","1","0.5","0.5","10","10.5","12","7.8","159","112.5"
"","Jaden McDaniels","Min","F","24.1","4","27.9","15.3","13","2","1","22","0.591","11","0.182","0.485","0.502","8.5","2.8","2.5","0.5","0.8","1.3","11.3","11","13.8","5.6","107.4","106.7"
"","Walker Kessler","Uta","C","23.3","4","26.4","11.4","18.3","7","0.571","22","0.682","0","0","0.682","0.678","8.5","10.5","1.5","1","2.5","1.3","19","10","20.5","7.8","126.3","110.2"
"","Anthony Black","Orl","G","20.8","5","25.6","15.6","18.9","11","0.727","25","0.44","9","0.444","0.5","0.541","8.4","3.2","4.2","0.6","1.4","1.6","11.6","12.6","15.8","7.6","112.5","102.4"
"","Toumani Camara","Por","F","24.5","5","29.9","11.5","12.4","5","0.6","21","0.429","14","0.5","0.557","0.565","8.4","3.6","2.8","1.8","0.4","1","12","11.2","14.8","5.9","121.2","107.1"
"","Taurean Prince","Mil","F","30.6","4","31.5","8.9","15.4","0","0","11","0.545","11","0.636","0.75","0.75","8.3","6","1.8","0.8","0","1","14.3","10","16","5.7","134.6","109.5"
"","T.J. McConnell","Ind","G","32.6","5","16.1","23.9","18.1","2","0.5","35","0.571","1","0","0.556","0.556","8.2","2.2","3.4","0.8","0","1.6","10.4","11.6","13.8","9.8","105","119.6"
"","Jalen Wilson","Bro","F","24","5","21.9","13.6","17","13","0.923","9","0.778","15","0.333","0.604","0.69","8.2","3.8","1.8","0.4","0","1","12","10","13.8","7","134.3","109.2"
"","Dalton Knecht","Lal","F","23.5","5","16.6","18.7","8.7","6","1","11","0.636","20","0.35","0.565","0.609","8.2","1.2","1.2","0.4","0","0.6","9.4","9.4","10.6","5.5","117.9","114.4"
"","Jamal Shead","Tor","G","22.3","5","20.2","20.6","24.8","8","0.875","24","0.458","12","0.333","0.472","0.519","8.2","1.2","5.6","0.6","0.2","2.4","9.4","13.8","15","7.5","105","117.7"
"","Jaylen Wells","Mem","F","21.2","5","20.5","20.8","10","8","0.5","24","0.333","21","0.333","0.411","0.423","8.2","2.6","1.8","0.4","0.2","1","10.8","10","12.6","6.6","91.7","115.1"
"","Bogdan Bogdanovic","Atl","G","32.2","1","27.8","13.1","23.7","2","1","0","0","6","0.333","0.5","0.581","8","2","2","0","2","2","10","10","12","4.6","99.4","116.2"
"","Alexandre Sarr","Was","C","19.5","4","24.3","17.3","5.1","6","0.833","16","0.375","21","0.238","0.365","0.404","8","6.3","1.3","0.8","2.5","0.5","14.3","9.3","15.5","6.6","97","110"
"","Royce O'Neale","Pho","F","31.4","4","25.9","14.7","19.1","6","1","10","0.5","15","0.333","0.5","0.561","7.8","6.8","3.3","0.5","1","1.5","14.5","11","17.8","8.6","113.4","102.1"
"","Ryan Dunn","Pho","F","21.8","4","14.7","18.5","4.2","0","0","7","0.714","16","0.438","0.674","0.674","7.8","1.8","0.5","0.3","0.5","0.3","9.5","8.3","10","5.2","121.7","95.5"
"","Lindy Waters III","Gol","F","27.3","5","14.6","14","0","2","1","7","0.857","17","0.471","0.75","0.764","7.6","2.2","1.6","0.6","0.2","0","9.8","9.2","11.4","8.2","165.3","98.3"
"","Jonathan Mogbo","Tor","F","23","5","16.6","17.3","17","15","0.867","20","0.55","4","0.25","0.521","0.621","7.6","3.8","1.8","1.2","1","1","11.4","9.4","13.2","9","126.6","112.9"
"","Mike Conley","Min","G","37.1","4","23.8","19.1","16","10","1","9","0.111","22","0.273","0.323","0.424","7.5","3.3","4.5","1.3","0.5","1.5","10.8","12","15.3","8.1","105.3","107"
"","Sam Hauser","Bos","F","26.9","2","19","19","5.9","0","0","5","0.6","11","0.273","0.469","0.469","7.5","3.5","1","0.5","0.5","0.5","11","8.5","12","6.3","100.8","110.4"
"","Julian Strawther","Den","G","22.5","4","19.6","13.7","16.5","2","0.5","11","0.636","9","0.556","0.725","0.718","7.5","2","1","1","0","1","9.5","8.5","10.5","5","118.3","104.9"
"","Amen Thompson","Hou","G-F","21.8","4","21.2","19.6","34","13","0.769","17","0.412","6","0.333","0.435","0.522","7.5","4.3","1.3","0.3","0.5","3","11.8","8.8","13","6.6","87.7","101.2"
"","Patrick Williams","Chi","F","23.2","5","28.2","15.4","13.7","5","0.6","22","0.227","22","0.364","0.386","0.4","7.4","5.8","2","1","0.6","1.4","13.2","9.4","15.2","6.3","85.9","108.2"
"","Isaiah Jackson","Ind","F","22.8","4","17.1","19","19.8","12","0.583","20","0.55","0","0","0.55","0.574","7.3","5","1","0.8","1.8","1.3","12.3","8.3","13.3","7.8","113.9","99.8"
"","Cam Whitmore","Hou","F","20.3","4","13.6","26.6","3.1","8","0.625","19","0.632","12","0","0.387","0.42","7.3","1.8","0","0","0.3","0.3","9","7.3","9","0","93.1","104.1"
"","Eric Gordon","Phi","G","35.8","4","22.7","13.6","4.1","12","0.75","10","0.5","13","0.231","0.413","0.495","7","0.8","1.3","0","0.3","0.3","7.8","8.3","9","3.4","113.1","117.7"
"","Kris Dunn","Lac","G","30.6","4","21.4","11.6","21.7","1","0","9","0.889","9","0.444","0.778","0.759","7","5.3","2.3","1.5","0","1.3","12.3","9.3","14.5","8.2","124.8","93.9"
"","Amir Coffey","Lac","G-F","27.4","4","24.1","10","0","4","0.5","12","0.583","9","0.444","0.619","0.615","7","2","1","0.5","0","0","9","8","10","4","133.8","106.3"
"","Andrew Nembhard","Ind","G-F","24.8","5","25.3","16.1","20.3","8","0.75","26","0.5","9","0.111","0.414","0.454","7","1.8","5","1","0","1.8","8.8","12","13.8","6.3","97.1","116.4"
"","Dean Wade","Cle","F-C","27.9","5","24","12","3.2","5","0.2","6","0.833","24","0.333","0.567","0.543","7","4.8","1.8","1.6","0","0.2","11.8","8.8","13.6","6.5","118.8","99.1"
"","Josh Green","Cha","G","24","2","20.1","11","0","0","0","4","0.25","7","0.571","0.636","0.636","7","2.5","2.5","0.5","1.5","0","9.5","9.5","12","7","159.7","107.3"
"","Ayo Dosunmu","Chi","G","24.8","5","26.6","14.2","10.9","1","0","20","0.65","21","0.143","0.427","0.422","7","5.2","4.4","0","0.6","1","12.2","11.4","16.6","8.2","98.5","105.3"
"","Guerschon Yabusele","Phi","F","28.9","4","19.8","17.9","28.8","6","0.667","11","0.636","11","0.273","0.523","0.548","6.8","4","2.5","1.5","0.5","2.3","10.8","9.3","13.3","8.2","99.4","93.4"
"","Herbert Jones","Nor","F","26.1","4","28.3","11.5","16.5","2","0.5","14","0.714","11","0.182","0.52","0.522","6.8","2.5","1","1.8","0.3","1.3","9.3","7.8","10.3","3.6","96.8","111.9"
"","Tari Eason","Hou","F","23.5","4","17.3","13.5","4.5","2","1","12","0.667","9","0.333","0.595","0.617","6.8","3.5","1.5","2.3","0.5","0.3","10.3","8.3","11.8","7.6","138.5","92.6"
"","Jake LaRavia","Mem","F","23","5","23.8","14.1","16.6","14","0.429","21","0.524","9","0.222","0.467","0.47","6.8","6","3.2","0.2","0.4","1.2","12.8","10","16","8.5","107","114.2"
"","Cason Wallace","Okc","G","21","4","26.2","14.4","8.2","1","1","21","0.476","12","0.167","0.394","0.404","6.8","3.8","1.3","2.5","0.3","0.8","10.5","8","11.8","4.9","87.6","91.5"
"","Yves Missi","Nor","C","20.5","5","19.8","16.2","12.4","14","0.571","28","0.464","0","0","0.464","0.498","6.8","5.2","1.8","0.6","1.8","0.8","12","8.6","13.8","8.1","111.4","109.7"
"","Haywood Highsmith","Mia","F","27.9","2","25.6","11.8","7.7","1","0","8","0.625","4","0.25","0.542","0.523","6.5","4.5","1.5","2","0.5","0.5","11","8","12.5","5.5","109.4","107.8"
"","Noah Clowney","Bro","F-C","20.3","5","16.2","22.1","7.4","4","1","17","0.294","20","0.3","0.378","0.413","6.4","3.4","0.2","0.4","0.4","0.6","9.8","6.6","10","4","88.2","103.9"
"","Isaiah Joe","Okc","G","25.3","4","16.7","15.5","4","0","0","6","0.333","18","0.389","0.521","0.521","6.3","1.3","1.3","0.3","0","0.3","7.5","7.5","8.8","5.3","110.7","95.2"
"","Jamison Battle","Tor","F","23.5","5","15.2","13.5","0","8","0.75","7","0.714","15","0.333","0.568","0.607","6.2","3.6","0.4","0","0.4","0","9.8","6.6","10.2","5.5","139.6","109.7"
"","Draymond Green","Gol","F","34.7","5","25.1","11.8","29.1","5","0.8","12","0.333","12","0.5","0.542","0.573","6","4","4.4","1.2","1.8","2","10","10.4","14.4","7.5","109.6","88.5"
"","Steven Adams","Hou","C","31.3","1","13.9","13","25","1","0","3","1","0","0","1","0.872","6","3","0","0","0","1","9","6","9","0","120.5","90.4"
"","Cameron Payne","Nyk","G","30.2","4","16.2","20.7","6.9","1","0","14","0.429","13","0.308","0.444","0.437","6","2.3","3.3","0.8","0.3","0.5","8.3","9.3","11.5","8.8","110.5","111.4"
"","De'Anthony Melton","Gol","G","26.4","3","16.7","19.6","13","2","0","5","0.6","15","0.267","0.45","0.431","6","1.3","2.7","1","0.7","1","7.3","8.7","10","6.6","97.2","86"
"","Jock Landale","Hou","C","29","3","10.2","17","0","4","0.75","10","0.6","1","1","0.682","0.705","6","2.7","0.7","0","0","0","8.7","6.7","9.3","8.8","157.1","111.2"
"","James Wiseman","Ind","C","23.6","1","4.6","45.5","0","2","1","3","0.667","1","0","0.5","0.615","6","1","0","0","0","0","7","6","7","0","125.6","120.4"
"","Brandon Miller","Cha","F","21.9","1","10.7","20.4","18.4","1","1","2","0.5","2","0.5","0.625","0.676","6","1","1","1","0","1","7","7","8","6.8","126.6","125.8"
"","Ben Simmons","Bro","G-F","28.3","4","24.1","14.5","44.7","4","0.75","17","0.588","0","0","0.588","0.613","5.8","5.5","5","0.8","0.5","3.5","11.3","10.8","16.3","9","100.3","98.6"
"","Zach Collins","San","F-C","26.9","4","14.2","14.8","17.2","6","1","9","0.444","5","0.6","0.607","0.691","5.8","5","1.3","0.8","0.3","0.8","10.8","7","12","9.4","135.7","93.1"
"","Thomas Bryant","Mia","C-F","27.3","4","14","12.3","6.9","3","1","5","0.8","8","0.5","0.769","0.803","5.8","2.3","1","0.3","0.5","0.3","8","6.8","9","6.8","154.3","107.8"
"","Kevin Porter Jr.","Lac","G-F","24.5","4","14.9","34","23.2","2","1","23","0.391","13","0.077","0.292","0.312","5.8","3","1.8","1.3","0","2.8","8.8","7.5","10.5","8.5","62.5","93.4"
"","Brice Sensabaugh","Uta","F","21","4","14.6","15.3","9.4","3","0.667","7","0.429","12","0.417","0.553","0.566","5.8","2.5","0.5","0.5","0","0.5","8.3","6.3","8.8","5.3","114.4","118.2"
"","Kentavious Caldwell-Pope","Orl","G","31.7","5","28.8","11.5","11","6","1","8","0.625","24","0.167","0.344","0.404","5.6","1","1.4","1.4","1","0.8","6.6","7","8","2.8","88.4","107"
"","Marcus Smart","Mem","G","30.7","5","19.8","18.5","16.9","11","0.818","16","0.313","18","0.167","0.279","0.36","5.6","2.2","2.8","1.2","0.6","1.4","7.8","8.4","10.6","6.6","86.5","112.1"
"","Jose Alvarado","Nor","G","26.6","5","19.7","14.5","20.9","2","1","9","0.444","17","0.353","0.5","0.521","5.6","1.4","3.8","1.4","0.6","1.4","7","9.4","10.8","6.3","106.5","108"
"","Jonathan Isaac","Orl","F","27.1","2","12.7","19.8","9.8","4","0.5","3","0","6","0.5","0.5","0.511","5.5","4","0.5","1","1","0.5","9.5","6","10","7","113","105.3"
"","Grayson Allen","Pho","G","29.1","2","16.9","14.6","9.6","2","1","1","0","8","0.375","0.5","0.557","5.5","1.5","1.5","0.5","0.5","0.5","7","7","8.5","5.5","115.5","100.3"
"","Ousmane Dieng","Okc","F","21.4","4","15.2","14.5","0","3","0.667","6","0.667","14","0.286","0.5","0.516","5.5","3.8","1","0.5","0.5","0","9.3","6.5","10.3","7.2","114.1","90.8"
"","Kevon Looney","Gol","F","28.7","5","15.2","17","17.7","8","0.625","23","0.478","0","0","0.478","0.509","5.4","8","1.8","1.2","0.6","1","13.4","7.2","15.2","11.2","122.3","77.5"
"","Georges Niang","Cle","F","31.4","5","18.2","13.7","13.8","0","0","6","0.5","19","0.368","0.54","0.54","5.4","3.6","0.8","0.6","0","0.8","9","6.2","9.8","5.5","106.7","100.4"
"","Brandon Clarke","Mem","F","28.1","5","15.4","15.4","11","6","0.833","20","0.55","4","0","0.458","0.507","5.4","3.6","0.6","0.8","0","0.6","9","6","9.6","5.9","106.2","112.8"
"","Javonte Green","Nor","G","31.3","5","21","9.6","19.6","9","0.889","8","0.625","8","0.375","0.594","0.676","5.4","3.8","0.8","1.6","0.8","0.8","9.2","6.2","10","4.8","127.2","111.4"
"","Sam Merrill","Cle","G","28.5","5","18.9","12.7","3.8","4","1","2","0.5","23","0.304","0.46","0.504","5.4","1","1.8","1","0","0.2","6.4","7.2","8.2","4.5","116.8","100.9"
"","Ronald Holland II","Det","F","19.3","5","13.2","18.9","7","2","1","17","0.647","9","0.111","0.481","0.502","5.4","3.2","0.4","0.4","0.2","0.4","8.6","5.8","9","5.8","102.1","99.9"
"","Monte Morris","Pho","G","29.3","4","11.2","19.7","6.1","8","0.75","6","0.5","9","0.333","0.5","0.567","5.3","1.5","2","0.8","0","0.3","6.8","7.3","8.8","9","128.9","111.1"
"","Marvin Bagley III","Was","F","25.6","4","7.1","29.9","16.4","7","0.714","12","0.667","3","0","0.533","0.581","5.3","3.8","0.3","0","0.3","0.8","9","5.5","9.3","10.3","114.6","117.9"
"","Duncan Robinson","Mia","F","30.5","4","16.3","22","6.3","0","0","8","0.375","22","0.227","0.35","0.35","5.3","1","0.5","0","0.5","0.5","6.3","5.8","6.8","3.4","70.7","113.2"
"","Jared Butler","Was","G","24.2","3","9.9","20","7.5","4","0.75","10","0.5","2","0.5","0.542","0.581","5.3","1","2.3","0.7","0.3","0.3","6.3","7.7","8.7","9.3","129","115.5"
"","Jaxson Hayes","Lal","C-F","24.4","5","15.8","10.1","28.7","4","1","12","0.917","0","0","0.917","0.945","5.2","3.8","1.4","0.4","0.4","1","9","6.6","10.4","7.7","147.5","103.1"
"","Pat Connaughton","Mil","G","31.8","4","17.5","14.7","12.8","2","1","6","0.5","14","0.286","0.45","0.479","5","3.5","1","0","0.3","0.8","8.5","6","9.5","5.9","100.7","113.6"
"","Gary Payton II","Gol","G","31.9","5","11.2","15.2","10.3","4","1","12","0.75","5","0.2","0.618","0.666","5","1.4","1.4","1","0.2","0.4","6.4","6.4","7.8","7.6","139.8","99.5"
"","John Konchar","Mem","G","28.6","3","18.9","6.9","24","4","0.75","0","0","6","0.667","1","0.966","5","4.7","1","0.7","0.7","0.7","9.7","6","10.7","6.1","150.8","112.9"
"","Kris Murray","Por","F","24.2","5","16.8","13.9","19.9","8","0.375","11","0.455","9","0.444","0.55","0.531","5","3","1.2","0.4","0.2","1","8","6.2","9.2","6.2","104","115.8"
"","Jamal Cain","Nor","F","25.6","2","13.3","10.9","16.1","2","0.5","3","1","2","0.5","0.9","0.85","5","1","0.5","0.5","0.5","0.5","6","5.5","6.5","4.1","139.8","105.9"
"","Ben Sheppard","Ind","G","23.3","5","15.3","11.2","5","0","0","8","0.625","11","0.455","0.658","0.658","5","2.2","0.8","0.2","0.4","0.2","7.2","5.8","8","5.4","132.3","109.4"
"","Stephon Castle","San","G","20","4","20.8","19","24","9","0.667","17","0.412","8","0","0.28","0.345","5","1.8","3.5","0.8","0.5","2","6.8","8.5","10.3","6.1","79.9","106.8"
"","Jared McCain","Phi","G","20.7","4","11.8","19.4","10.3","6","1","13","0.538","4","0","0.412","0.509","5","2","1.3","0","0","0.5","7","6.3","8.3","8","113.8","117.8"
"","Kyshawn George","Was","F","20.9","4","25","12.4","10.3","4","0.5","10","0.6","16","0.125","0.346","0.36","5","2.8","2.8","1","1.3","0.8","7.8","7.8","10.5","5.4","89.7","106.1"
"","Gary Harris","Orl","G","30.1","5","17.4","11.3","4.3","0","0","3","0","19","0.421","0.545","0.545","4.8","1.8","0.6","0","0.8","0.2","6.6","5.4","7.2","4","112.5","114.2"
"","KJ Martin","Phi","F","23.8","4","20.9","6.9","0","6","0.667","10","0.6","1","1","0.682","0.696","4.8","3.3","1","0.5","0.5","0","8","5.8","9","4.8","157.1","101.5"
"","Blake Wesley","San","G","21.6","4","10","24.1","14.8","6","0.667","12","0.5","5","0.2","0.441","0.484","4.8","1","1.5","0","0","0.8","5.8","6.3","7.3","7.7","103.4","117.6"
"","Jabari Walker","Por","F","22.3","5","12.8","15.3","9.3","7","1","13","0.538","6","0.167","0.447","0.543","4.8","3.6","0","0","0.2","0.4","8.4","4.8","8.4","0","115.6","102.2"
"","Simone Fontecchio","Det","F","28.9","5","18.4","14.3","11","8","0.875","7","0.143","17","0.294","0.354","0.436","4.8","2.6","0.4","0","0.2","0.6","7.4","5.2","7.8","3.7","97.7","114.6"
"","Donovan Clingan","Por","C","20.7","5","12.7","14","19.7","4","0.75","15","0.6","1","1","0.656","0.676","4.8","5.8","0","0.4","1.8","0.8","10.6","4.8","10.6","0","121.7","90.2"
"","Spencer Dinwiddie","Dal","G","31.6","3","14.7","13","16.4","4","0.5","1","0","9","0.444","0.6","0.595","4.7","1","1","0.3","0.3","0.7","5.7","5.7","6.7","4.6","110.3","107.5"
"","Lonzo Ball","Chi","G","27","3","15.7","14.7","17.6","0","0","2","0.5","12","0.333","0.5","0.5","4.7","2.7","3.7","0","0.3","1","7.3","8.3","11","9.2","106.9","103.9"
"","Taylor Hendricks","Uta","F","20.9","3","24.8","11.7","9.8","4","0.75","6","0.167","12","0.25","0.306","0.354","4.7","5","0.7","1.7","1.3","0.7","9.7","5.3","10.3","4.1","85.3","107.6"
"","Julian Phillips","Chi","F","21","5","13.8","15.5","15.8","3","0.667","7","0.429","14","0.357","0.5","0.515","4.6","1.4","0.4","1","0","0.8","6","5","6.4","4","91","104.2"
"","Alec Burks","Mia","G","33.3","2","16.8","6.7","0","0","0","1","0","4","0.75","0.9","0.9","4.5","1.5","1","0","0.5","0","6","5.5","7","4.5","174.4","122.6"
"","Vit Krejci","Atl","G","24.4","4","14.1","15.4","21.9","7","0.571","7","0.571","7","0.286","0.5","0.527","4.5","1.3","1","0.8","0.3","1","5.8","5.5","6.8","5.1","95.1","108.1"
"","Mason Plumlee","Pho","F-C","34.7","4","17.4","7.5","12.1","8","0.625","7","0.857","0","0","0.857","0.808","4.3","5","1","0.3","0.5","0.3","9.3","5.3","10.3","6.4","166.2","95.1"
"","A.J. Green","Mil","G","25.1","4","7.7","16.6","8.7","2","1","0","0","10","0.5","0.75","0.781","4.3","0.5","0.8","0.3","0","0.3","4.8","5","5.5","6.2","145.2","117.9"
"","Rayan Rupert","Por","G-F","20.4","4","9.8","13.8","16.3","3","0.667","8","0.75","2","0.5","0.75","0.751","4.3","1.8","0.5","1","0","0.5","6","4.8","6.5","6.4","132.6","104.1"
"","Kyle Anderson","Gol","F-G","31.1","5","14.5","14.6","8.3","4","0.5","10","0.6","12","0.167","0.409","0.421","4","3.6","2.4","1.8","0.4","0.4","7.6","6.4","10","9","115.4","97"
"","Daniel Theis","Nor","F-C","32.6","5","16","13.9","21.4","8","0.75","12","0.583","6","0","0.389","0.465","4","4.4","2.2","0.4","1.2","1","8.4","6.2","10.6","8.5","99.9","103.5"
"","Jeremiah Robinson-Earl","Nor","F","24","5","9.8","12.4","22.3","3","1","5","0.8","5","0.6","0.85","0.883","4","1.8","0.8","0.2","0","0.6","5.8","4.8","6.6","7.3","141.8","111.3"
"","Peyton Watson","Den","G","22.1","4","15.5","16.5","4.7","6","0.833","13","0.308","7","0.143","0.275","0.353","4","2.5","0.8","0.3","0.8","0.3","6.5","4.8","7.3","5.2","89.1","107.4"
"","Kyle Filipowski","Uta","C","21","3","11.4","16.3","15.4","2","0","5","0.6","6","0.333","0.545","0.505","4","3","1.3","0.3","0","0.7","7","5.3","8.3","8.8","101","109.3"
"","Ajay Mitchell","Okc","G","22.4","4","14.7","12.6","11.6","2","0.5","13","0.462","2","0.5","0.5","0.504","4","2.3","1.8","1","0.3","0.5","6.3","5.8","8","6.9","103.7","92.4"
"","Adama Sanogo","Chi","F","22.7","1","8.8","18.5","0","0","0","4","0.5","0","0","0.5","0.5","4","1","1","0","0","0","5","5","6","7.2","119.8","104.7"
"","Quentin Grimes","Dal","G","24.5","4","11.4","16.4","11.5","2","1","7","0.286","8","0.375","0.433","0.472","3.8","1.5","0.3","0.3","0.3","0.5","5.3","4","5.5","4.2","94","103.8"
"","Cody Williams","Uta","F","19.9","4","22.6","10.2","17.8","2","1","6","0.333","12","0.25","0.361","0.397","3.8","2.8","1","0.8","0.3","1","6.5","4.8","7.5","3.9","81","114.5"
"","Patrick Baldwin Jr.","Was","F","22","3","5.4","24.7","0","0","0","7","0.571","3","0.333","0.55","0.55","3.7","1.3","0.3","0","0.3","0","5","4","5.3","8.4","116.9","111"
"","Max Christie","Lal","G","21.7","5","18.2","11","14","6","0.833","6","0.333","12","0.25","0.361","0.436","3.6","1.6","1.2","0.6","0.4","0.6","5.2","4.8","6.4","4.2","95.9","107.6"
"","Jarace Walker","Ind","F","21.2","5","8.2","20.7","32.5","4","1","6","0.667","6","0.333","0.583","0.654","3.6","1.4","0.8","1","0","1.2","5","4.4","5.8","7.8","99","96.1"
"","Bruno Fernando","Tor","F-C","26.2","4","9.6","20.7","32.5","4","1","12","0.417","0","0","0.417","0.509","3.5","4.3","0.5","0.3","0.8","1.5","7.8","4","8.3","8.2","92.7","95.2"
"","Terance Mann","Lac","G-F","28","4","21.4","12","13","3","0","14","0.5","6","0","0.35","0.328","3.5","3.3","2","0.5","0","0.8","6.8","5.5","8.8","5.3","85.4","92.5"
"","Neemias Queta","Bos","C","25.3","4","8.4","15.1","8.7","2","1","9","0.667","1","0","0.6","0.643","3.5","4","0.3","0","0.3","0.3","7.5","3.8","7.8","7.7","146.9","99.3"
"","Tyler Kolek","Nyk","G","23.6","2","4.6","33.5","55.1","4","1","1","0","1","1","0.75","0.931","3.5","0","0","0","0","1.5","3.5","3.5","3.5","0","99.8","128.1"
"","Gabe Vincent","Lal","G","28.4","5","17.2","11.8","12.5","0","0","9","0.444","12","0.25","0.405","0.405","3.4","0.8","0.4","0.8","0","0.6","4.2","3.8","4.6","2.4","78.3","112.6"
"","Isaiah Stewart","Det","F-C","23.4","5","20.2","10.3","46.6","7","1","10","0.5","1","0","0.455","0.604","3.4","7.6","2.2","0.8","1","2","11","5.6","13.2","7.6","109.2","94.5"
"","Jett Howard","Orl","G","21.1","5","7.5","17","0","0","0","2","0.5","13","0.385","0.567","0.567","3.4","1.4","0.2","0","0.2","0","4.8","3.6","5","5.2","117","103.1"
"","Nicolas Batum","Lac","G-F","35.9","4","18.4","7.9","16.2","4","0.75","2","1","8","0.25","0.5","0.553","3.3","3","2.8","0.8","0.3","0.5","6.3","6","9","6.6","129.5","94.9"
"","Trey Lyles","Sac","F","29","4","16.2","12.1","5.7","2","1","3","0.333","13","0.231","0.344","0.385","3.3","3","0.8","1","1","0.3","6.3","4","7","4.9","87","99"
"","Kai Jones","Lac","C-F","23.8","4","9.5","11.4","0","5","0.6","8","0.625","0","0","0.625","0.637","3.3","3","0.5","0","0.8","0","6.3","3.8","6.8","7.2","149.7","96.7"
"","Jaden Hardy","Dal","G","22.3","4","10.6","16.6","24.3","2","1","3","0.333","9","0.333","0.458","0.505","3.3","0.8","0.8","0","0.3","1","4","4","4.8","4.8","89.4","109.1"
"","Keaton Wallace","Atl","G","25.7","3","6.7","10","0","2","1","2","0.5","2","1","1","1.025","3.3","0.7","0.7","0","0","0","4","4","4.7","7","207.4","126.8"
"","Keon Ellis","Sac","G","24.8","3","14.3","13","26.5","4","0.75","4","0.5","4","0.25","0.438","0.512","3.3","2.7","1","1.7","1.3","1","6","4.3","7","5.8","97.5","90.9"
"","Luke Kornet","Bos","C-F","29.3","5","16.1","8.8","13.9","6","1","12","0.417","0","0","0.417","0.546","3.2","4.2","1.6","0.4","0.6","0.4","7.4","4.8","9","6.9","147.2","106.9"
"","Tre Jones","San","G","24.8","1","15.6","10.3","0","4","0.75","2","0","0","0","0","0.399","3","1","3","1","0","0","4","6","7","5.3","129.7","118"
"","Naji Marshall","Dal","F","26.8","4","17","12.8","5.1","4","1","12","0.333","6","0","0.222","0.304","3","3","2.8","1","0","0.3","6","5.8","8.8","6.9","96.2","109"
"","Chris Duarte","Chi","G","27.4","2","3.1","13.2","0","0","0","0","0","2","1","1.5","1.5","3","0","0.5","0","0","0","3","3.5","3.5","0","0","0"
"","Caleb Houstan","Orl","G","21.8","2","5.1","12.6","0","0","0","0","0","3","0.667","1","1","3","0.5","0","0","0","0","3.5","3","3.5","0","174.6","95.2"
"","Collin Gillespie","Pho","G","25.4","1","3.5","25.8","0","0","0","1","0","1","1","0.75","0.75","3","0","0","0","0","0","3","3","3","0","0","0"
"","Nate Williams","Hou","G","25.7","1","2.2","18.5","0","0","0","0","0","1","1","1.5","1.5","3","2","0","0","0","0","5","3","5","0","0","0"
"","Ricky Council IV","Phi","G","23.2","3","6.6","18.6","13.4","4","1","3","0.333","3","0.333","0.417","0.58","3","0.7","0","0","0","0.3","3.7","3","3.7","0","113.7","114.7"
"","Doug McDermott","Sac","F","32.8","3","4","30.4","0","3","0.667","1","0","6","0.333","0.429","0.481","2.7","0","0","0","0","0","2.7","2.7","2.7","0","98.3","101.4"
"","Isaac Okoro","Cle","F-G","23.8","5","17","9.2","13.1","7","0.571","9","0.333","4","0.25","0.346","0.404","2.6","1.8","1.4","0.8","0.6","0.4","4.4","4","5.8","4.4","106.6","100.3"
"","Xavier Tillman","Bos","F","25.8","5","14.8","12.1","14.3","0","0","8","0.25","10","0.3","0.361","0.361","2.6","3.2","0.8","0.6","0","0.6","5.8","3.4","6.6","5.1","89.9","106.7"
"","Maxi Kleber","Dal","F","32.8","2","15.6","6.7","0","0","0","3","0.333","2","0.5","0.5","0.5","2.5","2.5","1.5","0","0.5","0","5","4","6.5","5.4","128.4","107.5"
"","Reed Sheppard","Hou","G","20.4","4","9.5","17.2","25","0","0","6","0.333","6","0.333","0.417","0.417","2.5","0.8","1.8","0.3","0.3","1","3.3","4.3","5","6.5","88.2","104.9"
"","Vasilije Micic","Cha","G","30.8","3","15","19.6","18.2","0","0","11","0.182","7","0.143","0.194","0.194","2.3","3.7","1","0.3","0","1.3","6","3.3","7","5.4","60.4","120.2"
"","Moussa Diabate","Cha","F","22.8","4","10.5","10.2","11","4","0.25","8","0.5","0","0","0.5","0.461","2.3","3.8","0.3","0.3","0.5","0.3","6","2.5","6.3","5.3","110","111.6"
"","James Johnson","Ind","F","37.7","1","3.8","22.5","50","0","0","1","1","0","0","1","1","2","0","1","0","1","1","2","3","3","0","0","0"
"","Tristan Thompson","Cle","C-F","33.6","3","6.4","18.5","33.3","5","0","4","0.75","0","0","0.75","0.484","2","1.7","0.3","0","0","0.7","3.7","2.3","4","6.3","68.5","104.3"
"","Damion Lee","Pho","G-F","32","1","17.7","10.2","25","0","0","1","1","2","0","0.333","0.333","2","3","2","0","0","1","5","4","7","5.2","74.1","109.1"
"","Drew Eubanks","Uta","F-C","27.7","2","5","11.5","0","2","0.5","1","0","1","1","0.75","0.694","2","1.5","1.5","0","0","0","3.5","3.5","5","13.2","171.5","122.8"
"","Cole Anthony","Orl","G","24.5","4","14","19","33","2","0.5","6","0.333","10","0.1","0.219","0.237","2","2.3","2.8","1","0.3","2","4.3","4.8","7","6.7","62.2","97.5"
"","Pat Spencer","Gol","G","28.3","2","2.1","30.1","0","0","0","3","0.667","0","0","0.667","0.667","2","0","0.5","0","0","0","2","2.5","2.5","0","0","0"
"","Jericho Sims","Nyk","C","26","4","13.1","5.2","16.7","0","0","5","0.8","0","0","0.8","0.8","2","3.8","0.3","0","0.5","0.3","5.8","2.3","6","4","157.4","113.7"
"","Mouhamed Gueye","Atl","F","22","1","3.1","26.4","0","0","0","1","1","1","0","0.5","0.5","2","0","0","0","0","0","2","2","2","0","0","0"
"","Quenton Jackson","Ind","G","26.1","1","4.4","18.3","0","2","1","0","0","1","0","0","0.532","2","1","2","1","0","0","3","4","5","14.4","160.5","92.5"
"","Baylor Scheierman","Bos","G","24.1","2","4.9","17","0","2","1","1","1","2","0","0.333","0.515","2","0.5","0","0","0","0","2.5","2","2.5","0","116.1","108.1"
"","Pelle Larsson","Mia","G","23.7","1","6.3","7.1","0","0","0","1","1","0","0","1","1","2","0","0","1","0","0","2","2","2","0","200","119"
"","Alex Reese","Okc","F-G","25.4","1","1.9","21.8","0","0","0","1","1","0","0","1","1","2","1","0","0","0","0","3","2","3","0","0","0"
"","Ulrich Chomche","Tor","C","18.8","1","4.5","9","0","0","0","1","1","0","0","1","1","2","1","0","0","0","0","3","2","3","0","200","125.4"
"","Enrique Freeman","Ind","F","24.3","2","8.1","7.7","41","2","1","1","1","0","0","1","1.064","2","0.5","0","0","0.5","0.5","2.5","2","2.5","0","140.7","115.1"
"","Trey Jemison","Nor","C","24.9","1","1.4","60.2","0","0","0","2","0.5","0","0","0.5","0.5","2","2","0","0","0","0","4","2","4","0","0","0"
"","Patty Mills","Uta","G","36.2","4","15.5","7.1","9.1","0","0","3","0.667","7","0.143","0.35","0.35","1.8","0.8","0.8","0.8","0.5","0.3","2.5","2.5","3.3","2.7","80.9","115.5"
"","Delon Wright","Mil","G","32.5","4","12.3","8.7","20","0","0","4","0.5","4","0.25","0.438","0.438","1.8","0.5","1","0.5","0.3","0.5","2.3","2.8","3.3","3.1","87","117.2"
"","MarJon Beauchamp","Mil","F","24.1","4","2.2","49.5","31.8","2","1","2","0.5","4","0.25","0.417","0.509","1.8","0","0","0.3","0","0.8","1.8","1.8","1.8","0","0","0"
"","Tyler Smith","Mil","F","20","4","2.6","21.1","0","0","0","2","1","3","0.333","0.7","0.7","1.8","0.8","0","0","0","0","2.5","1.8","2.5","0","0","0"
"","Jaylon Tyson","Cle","G-F","21.9","4","5.3","16.1","41.6","2","0.5","2","0","2","1","0.75","0.717","1.8","1","0.5","0","0","0.8","2.8","2.3","3.3","7.3","91","76.1"
"","Goga Bitadze","Orl","C-F","25.3","3","5.6","17.5","32.2","2","0.5","3","0.667","1","0","0.5","0.512","1.7","1.7","0.3","0","0.3","0.7","3.3","2","3.7","6.8","90.8","107.5"
"","Dalano Banton","Por","F","25","3","4.4","22.7","16.7","3","0","3","0.333","2","0.5","0.5","0.396","1.7","0.7","0.7","0","0","0.3","2.3","2.3","3","8.6","80.9","119.1"
"","Cory Joseph","Orl","G","33.2","2","5.1","12.6","0","0","0","1","0","2","0.5","0.5","0.5","1.5","0","0.5","0","0","0","1.5","2","2","0","116.7","119"
"","Keon Johnson","Bro","G","22.6","4","8.7","14.8","8.3","0","0","4","0.75","7","0","0.273","0.273","1.5","2.5","0.3","0.3","0","0.3","4","1.8","4.3","4.8","69.2","106.9"
"","Sandro Mamukelashvili","San","F-C","25.4","2","6.9","18.6","50","0","0","1","0","2","0.5","0.5","0.5","1.5","4","0.5","0","0.5","1.5","5.5","2","6","8.4","61.8","80.8"
"","Adam Flagler","Okc","G","24.9","4","1.8","11.3","0","0","0","0","0","2","1","1.5","1.5","1.5","0.3","0","0.3","0","0","1.8","1.5","1.8","0","0","0"
"","Jaylen Martin","Bro","G","20.8","2","1.6","13.8","0","0","0","0","0","1","1","1.5","1.5","1.5","0","0","0","0","0","1.5","1.5","1.5","0","0","0"
"","Tidjane Salaun","Cha","F","19.2","2","12.4","9.5","19.2","2","0.5","1","1","3","0","0.25","0.307","1.5","2","1.5","1","0","0.5","3.5","3","5","5.3","92.3","117.9"
"","Pacome Dadiet","Nyk","F","19.3","2","8.9","12.8","20","0","0","2","0","2","0.5","0.375","0.375","1.5","1","0","0","0","0.5","2.5","1.5","2.5","0","62","111.7"
"","Dalen Terry","Chi","F","22.3","5","8.4","11.4","19.4","4","0.75","6","0.333","2","0","0.25","0.359","1.4","0.8","0.4","0.6","0.2","0.4","2.2","1.8","2.6","3.6","76.3","91.1"
"","Alex Len","Sac","C","31.4","4","6.8","14.3","36.5","2","0.5","4","0.5","1","0","0.4","0.425","1.3","2.3","1.3","0.3","0.5","0.8","3.5","2.5","4.8","9.2","80.7","91.5"
"","Dario Saric","Den","F-C","30.6","4","9.8","13.1","17.8","2","0.5","8","0.25","1","0","0.222","0.253","1.3","1.5","0.3","0.3","0","0.5","2.8","1.5","3","3.4","60.9","111.3"
"","Alex Caruso","Okc","G","30.7","4","21","9.6","21.1","1","0","6","0.167","9","0.111","0.167","0.162","1.3","3","2.3","2.3","1","1","4.3","3.5","6.5","4","60.4","90.2"
"","Andre Jackson Jr.","Mil","G","23","3","4.4","13.2","25","0","0","2","1","1","0","0.667","0.667","1.3","1","1","0.7","0","0.3","2.3","2.3","3.3","9.9","130.1","71.6"
"","Craig Porter","Cle","G","24.7","3","4.4","16.4","0","0","0","3","0.667","2","0","0.4","0.4","1.3","0.7","0.7","0","0.7","0","2","2","2.7","7.8","102.6","113.6"
"","Shake Milton","Bro","G","28.1","5","8.5","8.1","0","0","0","1","0","7","0.286","0.375","0.375","1.2","0.6","1","0.2","0","0","1.8","2.2","2.8","4.2","108.5","111.4"
"","Garrett Temple","Tor","G-F","38.5","2","4.4","9.3","0","0","0","1","1","1","0","0.5","0.5","1","0","1","0.5","0","0","1","2","2","0","140.4","99.7"
"","Anthony Gill","Was","F","32","2","1.6","37.8","33.3","0","0","2","0.5","0","0","0.5","0.5","1","0","0.5","0.5","0","0.5","1","1.5","1.5","0","0","0"
"","D.J. Carton","Tor","G","24.2","3","9.4","16.4","35","1","1","4","0.25","3","0","0.143","0.202","1","1.3","1","0.7","0","1.3","2.3","2","3.3","4.6","44.4","119.7"
"","Marcus Sasser","Det","G","24.1","2","2.3","9.4","0","0","0","1","1","0","0","1","1","1","1","1","0","0","0","2","2","3","17.4","0","0"
"","Karlo Matkovic","Nor","F-C","23.6","2","2.4","26.9","66.7","0","0","1","1","0","0","1","1","1","2","0","0","0.5","1","3","1","3","0","0","0"
"","Reece Beekman","Gol","G","23.1","2","2.1","10","0","0","0","1","1","0","0","1","1","1","0.5","0.5","0.5","0","0","1.5","1.5","2","12","0","0"
"","Matas Buzelis","Chi","F","20","5","5.6","18.8","8.2","2","0.5","6","0.333","5","0","0.182","0.21","1","0.6","0.6","0.2","0","0.2","1.6","1.6","2.2","5.1","60.4","94.4"
"","Duop Reath","Por","C","28.3","3","3","22.9","20","0","0","2","0","2","0.5","0.375","0.375","1","0.7","0.7","0","0.3","0.3","1.7","1.7","2.3","10.5","0","0"
"","Bronny James","Lal","G","20.1","2","4","21.2","0","0","0","2","0.5","2","0","0.25","0.25","1","0.5","1","0.5","0","0","1.5","2","2.5","7.9","92.7","115.3"
"","Gui Santos","Gol","F","22.4","4","3.8","13.3","47.4","2","0.5","1","1","1","0","0.5","0.521","0.8","1","0.5","0","0","0.5","1.8","1.3","2.3","7.8","0","0"
"","Dwight Powell","Dal","F-C","33.3","3","1.3","11","0","0","0","1","1","0","0","1","1","0.7","0.3","0","0","0","0","1","0.7","1","0","0","0"
"","Talen Horton-Tucker","Chi","G","23.9","3","4.4","17.9","71.1","4","0.5","1","0","0","0","0","0.362","0.7","1.3","0.3","0","0","1","2","1","2.3","5.9","54.7","111"
"","Dru Smith","Mia","G","26.8","3","8.5","10.5","16.7","0","0","4","0.25","1","0","0.2","0.2","0.7","2","0.7","0","1.3","0.3","2.7","1.3","3.3","4.7","73.1","105.8"
"","Johnny Davis","Was","G","22.7","3","5.4","9.9","0","0","0","3","0.333","1","0","0.25","0.25","0.7","0.3","0.3","0","0","0","1","1","1.3","2.9","83.2","116.4"
"","Ryan Rollins","Mil","G","22.3","3","1.9","6.7","0","2","1","0","0","0","0","0","1.136","0.7","0","0","0","0","0","0.7","0.7","0.7","0","0","0"
"","Adem Bona","Phi","F","21.6","3","2.3","6.2","0","0","0","1","1","0","0","1","1","0.7","0.3","0","0","0.3","0","1","0.7","1","0","0","0"
"","Oso Ighodaro","Pho","F","22.3","3","8.5","7.1","50","0","0","2","0.5","0","0","0.5","0.5","0.7","2.7","0.3","0","0.3","0.7","3.3","1","3.7","3.9","87.1","91.8"
"","AJ Johnson","Mil","G","19.9","3","2.1","20.2","0","0","0","3","0.333","0","0","0.333","0.333","0.7","0.3","0","0","0","0","1","0.7","1","0","0","0"
"","Brandon Boston Jr.","Nor","G","22.9","2","6.5","15.8","23.7","2","0.5","2","0","1","0","0","0.129","0.5","1.5","1.5","1","0","0.5","2","2","3.5","6.4","55.8","109.7"
"","Jaden Springer","Bos","G","22.1","2","3.7","16.5","45","2","0.5","1","0","0","0","0","0.266","0.5","1.5","0.5","0","0","0.5","2","1","2.5","7.8","0","0"
"","Jordan Walsh","Bos","G","20.7","4","9.2","8.1","0","0","0","2","0.5","5","0","0.143","0.143","0.5","1","0.3","0","0.3","0","1.5","0.8","1.8","2.3","55.1","110.9"
"","Cui Yongxi","Bro","F","21.4","2","1.6","12.2","0","2","0.5","0","0","0","0","0","0.568","0.5","0","0","0","0","0","0.5","0.5","0.5","0","0","0"
"","Reggie Jackson","Phi","G","34.5","1","3.4","24.8","50","0","0","1","0","0","0","0","0","0","0","0","0","0","1","0","0","0","0","0","0"
"","Joe Ingles","Min","F-G","37.1","4","5.4","4.1","0","0","0","0","0","2","0","0","0","0","0.3","1.8","0","0","0","0.3","1.8","2","0","143.6","96.6"
"","Vlatko Cancar","Den","F","27.6","1","1.6","0","0","0","0","0","0","0","0","0","0","0","1","0","0","0","0","1","0","1","0","0","0"
"","Jevon Carter","Chi","G","29.1","1","4.4","9.3","0","0","0","0","0","1","0","0","0","0","0","1","1","0","0","0","1","1","0","58.4","101.9"
"","Aaron Holiday","Hou","G","28.1","1","2.2","18.5","0","0","0","0","0","1","0","0","0","0","0","1","0","0","0","0","1","1","0","0","0"
"","Jordan McLaughlin","Sac","G","28.6","3","4","11.1","66.7","0","0","1","0","0","0","0","0","0","0","0.7","0","0","0.7","0","0.7","0.7","0","36.7","92.3"
"","Jalen Pickett","Den","G","25","1","1.6","27","0","0","0","0","0","1","0","0","0","0","0","0","0","0","0","0","0","0","0","0","0"
"","Charles Bassey","San","C-F","24","1","6","0","0","0","0","0","0","0","0","0","0","0","1","1","1","1","0","1","1","2","0","0","105.9"
"","Zeke Nnaji","Den","F-C","23.8","1","1.6","27","0","0","0","0","0","1","0","0","0","0","0","0","0","0","0","0","0","0","0","0","0"
"","Paul Reed","Det","F","25.4","1","6.6","13","100","0","0","0","0","0","0","0","0","0","1","1","0","0","2","1","1","2","0","0","124.8"
"","Trevelin Queen","Orl","G","27.7","1","3.1","13.8","100","0","0","0","0","0","0","0","0","0","0","0","0","0","1","0","0","0","0","0","0"
"","Jae'Sean Tate","Hou","F","29","1","2.2","0","0","0","0","0","0","0","0","0","0","0","1","1","0","0","0","1","1","2","0","0","0"
"","Jeff Dowtin Jr.","Phi","G","27.5","1","2.7","0","0","0","0","0","0","0","0","0","0","0","0","0","0","0","0","0","0","0","0","0","0"
"","Brandon Williams","Dal","G","24.9","1","1.1","38","0","0","0","1","0","0","0","0","0","0","0","0","0","0","0","0","0","0","0","0","0"
"","Johnny Juzang","Uta","G","23.6","1","7.3","11","0","0","0","0","0","2","0","0","0","0","0","0","1","0","0","0","0","0","0","0","105.6"
"","Justin Champagnie","Was","G-F","23.3","1","3.9","0","0","0","0","0","0","0","0","0","0","0","2","1","0","0","0","2","1","3","0","0","0"
"","Kessler Edwards","Dal","F","24.2","1","1.1","0","0","0","0","0","0","0","0","0","0","0","0","0","0","0","0","0","0","0","0","0","0"
"","Ariel Hukporti","Nyk","C","22.6","3","7.9","5.8","66.7","0","0","1","0","0","0","0","0","0","2.3","0","0","1.3","0.7","2.3","0","2.3","0","0","109.4"
"","Mac McClung","Orl","G","25.8","1","4.9","0","0","0","0","0","0","0","0","0","0","0","1","2","0","0","0","1","2","3","0","0","113.5"
"","Wendell Moore Jr.","Det","G","23.1","1","1.5","0","0","0","0","0","0","0","0","0","0","0","0","0","0","0","0","0","0","0","0","0","0"
"","JD Davison","Bos","G","22.1","1","8.1","21","75","0","0","0","0","1","0","0","0","0","1","1","0","0","3","1","1","2","0","16.5","105.3"
"","Jacob Toppin","Nyk","F","24.5","2","2.5","9.3","0","0","0","0","0","1","0","0","0","0","0","0","0","0","0","0","0","0","0","0","0"
"","Lester Quinones","Phi","G","24","1","2.7","15.6","0","0","0","0","0","1","0","0","0","0","1","1","0","0","0","1","1","2","0","0","0"
"","Trey Alexander","Den","G","21.5","1","1.6","0","0","0","0","0","0","0","0","0","0","0","1","0","0","0","0","1","0","1","0","0","0"
"","Dariq Whitehead","Bro","G-F","20.2","1","2","42.8","100","0","0","0","0","0","0","0","0","0","1","0","0","0","2","1","0","1","0","0","0"
"","Colby Jones","Sac","G","22.4","2","3.2","6.9","100","0","0","0","0","0","0","0","0","0","0","0","0","0.5","0.5","0","0","0","0","0","0"
"","Olivier-Maxence Prosper","Dal","F","22.3","3","2.3","0","0","0","0","0","0","0","0","0","0","0","0","0","0","0","0","0","0","0","0","0","0"
"","Tristan da Silva","Orl","F","23.5","1","5.4","15.8","50","0","0","0","0","1","0","0","0","0","0","0","0","0","1","0","0","0","0","0","119"
"","Jazian Gortman","Dal","G","21.6","1","1","41.8","100","0","0","0","0","0","0","0","0","0","0","0","0","0","1","0","0","0","0","0","0"
"","Dillon Jones","Okc","F","23","4","2.4","12.8","33.3","0","0","1","0","1","0","0","0","0","0.5","0","0.3","0","0.3","0.5","0","0.5","0","0","0"
"","Drew Peterson","Bos","F","25","2","2.9","14.9","50","0","0","0","0","1","0","0","0","0","0.5","0","0.5","1","0.5","0.5","0","0.5","0","0","0"
"","Antonio Reeves","Nor","G","21.9","2","2.4","62.7","14.3","0","0","2","0","4","0","0","0","0","0.5","0","0","0","0.5","0.5","0","0.5","0","0","0"
"","Hunter Tyson","Den","F","24.4","1","1.6","27","0","0","0","0","0","1","0","0","0","0","1","0","0","0","0","1","0","1","0","0","0"
"","Kel'el Ware","Mia","C","20.5","1","6.3","14.2","50","0","0","0","0","1","0","0","0","0","1","0","0","0","1","1","0","1","0","0","101.3"
"","Johnny Furphy","Ind","G","19.9","1","5","25.7","0","0","0","2","0","1","0","0","0","0","0","0","0","0","0","0","0","0","0","0","129.4"
"","Isaac Jones","Sac","F","24.3","2","2.5","9","0","0","0","1","0","0","0","0","0","0","0","0","0","0","0","0","0","0","0","0","0"
"","Daniss Jenkins","Det","G","23.2","1","1.5","28.7","0","0","0","0","0","1","0","0","0","0","0","0","0","0","0","0","0","0","0","0","0"
"","Alex Ducas","Okc","G","23.9","4","1.8","17","0","0","0","1","0","2","0","0","0","0","0","0","0","0","0","0","0","0","0","0","0"
"","Yuki Kawamura","Mem","G","23.5","3","2.3","23.1","25","0","0","0","0","3","0","0","0","0","0","0.3","0","0","0.3","0","0.3","0.3","0","0","0"
"","Cam Reddish","Lal","F-G","25.2","1","9.2","9.2","50","0","0","1","0","0","0","0","0","0","1","0","0","0","1","1","0","1","0","0","121.5"
"","Tyrese Martin","Bro","F","25.7","1","1.1","0","0","0","0","0","0","0","0","0","0","0","0","0","0","0","0","0","0","0","0","0","0"
"","Torrey Craig","Chi","F","33.9","1","3.4","12","0","0","0","0","0","1","0","0","0","0","2","0","0","0","0","2","0","2","0","0","0"
"","Sidy Cissoko","San","G","20.6","1","2.8","0","0","0","0","0","0","0","0","0","0","0","1","1","0","0","0","1","1","2","0","0","0"